id,path,bytes,sha256,run
runs/auth-gap-20260924/data/policies.txt,runs/auth-gap-20260924/data/policies.txt,0,e3b0c44298fc1c149afbf4c8996fb92427ae41e4649b934ca495991b7852b855,auth-gap-20260924
runs/auth-gap-20260924/data/routes.txt,runs/auth-gap-20260924/data/routes.txt,0,e3b0c44298fc1c149afbf4c8996fb92427ae41e4649b934ca495991b7852b855,auth-gap-20260924
runs/auth-gap-20260924/data/running.txt,runs/auth-gap-20260924/data/running.txt,0,e3b0c44298fc1c149afbf4c8996fb92427ae41e4649b934ca495991b7852b855,auth-gap-20260924
runs/auth-gap-20260924/data/up.stderr,runs/auth-gap-20260924/data/up.stderr,386,e4a6f173f9c9bbaaddee83edb00f23525e0a05d54604eec9d99be6d74f2f1fbb,auth-gap-20260924
runs/auth-gap-20260924/data/up.stdout,runs/auth-gap-20260924/data/up.stdout,56,1bc9bb1ce9fda74446aa2322f7fda45473dd74b7dd3e1119bcc8e5fff0450984,auth-gap-20260924
runs/auth-gap-20260924/home/etc/apps/authgap/.env,runs/auth-gap-20260924/home/etc/apps/authgap/.env,0,e3b0c44298fc1c149afbf4c8996fb92427ae41e4649b934ca495991b7852b855,auth-gap-20260924
runs/auth-gap-20260924/home/etc/apps/authgap/appbay.yaml,runs/auth-gap-20260924/home/etc/apps/authgap/appbay.yaml,154,d659fdd939cee3459bdebb03c440e2f88eefa0234f3806d547001aea00fa33a9,auth-gap-20260924
runs/auth-gap-20260924/home/etc/apps/authgap/docker-compose.yml,runs/auth-gap-20260924/home/etc/apps/authgap/docker-compose.yml,49,2eebb199b98159e46b0eccbf0bbb695288e1039eae1b6fa24b7db7c8881676f0,auth-gap-20260924
runs/auth-gap-20260924/home/etc/namespaces/default.yaml,runs/auth-gap-20260924/home/etc/namespaces/default.yaml,24,12cf8138d2fb6d0db3ba1d1a8df8d509c70e9329aa2a2a6ed5f3428398c640fe,auth-gap-20260924
runs/auth-gap-20260924/home/etc/system.yaml,runs/auth-gap-20260924/home/etc/system.yaml,183,67655e41eb39ca9cc0fbaa95c06c629347cb2362e3051acaf021667b6ea76a0a,auth-gap-20260924
runs/auth-gap-20260924/home/var/lib/state/generated-values.yaml,runs/auth-gap-20260924/home/var/lib/state/generated-values.yaml,22,614af6355415f2de2b2385c990021523d206c166cbd832b127ede119245120b5,auth-gap-20260924
runs/auth-gap-20260924/home/var/lib/state/operator-id,runs/auth-gap-20260924/home/var/lib/state/operator-id,36,798022eee6b75d16b0c8b0fe3b645d45df7c8ff4dce2f9a7b8a5e4b3b53f075a,auth-gap-20260924
runs/cli-exposure-20260924/data/check_docs_cli.txt,runs/cli-exposure-20260924/data/check_docs_cli.txt,82,511c39292691a914821e685eb102e5904715d55efc812585e28274a3bf05fc9e,cli-exposure-20260924
runs/cli-exposure-20260924/data/cli_help.txt,runs/cli-exposure-20260924/data/cli_help.txt,5720,690c2b40845ff898880c8ca8962dc4266b518d3140f949519e701b9e2a1b23ab,cli-exposure-20260924
runs/cli-exposure-20260924/data/commands_declared.txt,runs/cli-exposure-20260924/data/commands_declared.txt,495,7f9f18d2a4129e701325fb58e440346586f2f4bc514998a6c2ddf47472dea847,cli-exposure-20260924
runs/cli-exposure-20260924/data/commands_in_docs.txt,runs/cli-exposure-20260924/data/commands_in_docs.txt,304,9de64c401b1c89c19efa669775c052bb104e5fbfd2a9d9e41fc25aa5c5f0ea36,cli-exposure-20260924
runs/cli-exposure-20260924/data/commands_in_help.txt,runs/cli-exposure-20260924/data/commands_in_help.txt,332,aec3b83f6f61862e8e18c61c43a3ec159f207c642f59d8ab4de2f09735814285,cli-exposure-20260924
runs/cli-exposure-20260924/data/commands_registered_raw.txt,runs/cli-exposure-20260924/data/commands_registered_raw.txt,0,e3b0c44298fc1c149afbf4c8996fb92427ae41e4649b934ca495991b7852b855,cli-exposure-20260924
runs/cli-exposure-20260924/data/help_not_in_docs.txt,runs/cli-exposure-20260924/data/help_not_in_docs.txt,28,1f920ef26d9cec45783a64f0bf79f80f57cb9c02ccd68f552643dbc269c97391,cli-exposure-20260924
runs/cli-exposure-20260924/data/json_support.tsv,runs/cli-exposure-20260924/data/json_support.tsv,728,124de49d13607db84e840e15238538f1d60070f20527155b9897d2acc1db5a46,cli-exposure-20260924
runs/cli-exposure-20260924/data/undocumented_in_help.txt,runs/cli-exposure-20260924/data/undocumented_in_help.txt,188,09c8cd766ee4218ae2e94fc9449ae2a2c95839dbe0030c9d0227da64bd797b6b,cli-exposure-20260924
runs/cli-exposure-20260924b/data/check_docs_cli.txt,runs/cli-exposure-20260924b/data/check_docs_cli.txt,216,efbfb4fdd713a582ae05d09cf197b4f0469f4df8272cb59c8273c552f412540d,cli-exposure-20260924b
runs/cli-exposure-20260924b/data/cli_help.txt,runs/cli-exposure-20260924b/data/cli_help.txt,5720,690c2b40845ff898880c8ca8962dc4266b518d3140f949519e701b9e2a1b23ab,cli-exposure-20260924b
runs/cli-exposure-20260924b/data/commands.txt,runs/cli-exposure-20260924b/data/commands.txt,307,13e3dc23d5179e1517aefe466263d6ae3d6baa92e5cf9045a190d5b89cac9595,cli-exposure-20260924b
runs/cli-exposure-20260924b/data/docs.txt,runs/cli-exposure-20260924b/data/docs.txt,304,9de64c401b1c89c19efa669775c052bb104e5fbfd2a9d9e41fc25aa5c5f0ea36,cli-exposure-20260924b
runs/cli-exposure-20260924b/data/help-apply.txt,runs/cli-exposure-20260924b/data/help-apply.txt,410,98937e2eff026d0faa3f8b22c77c10bd29356e49edfcbee584c245e1f9ba31df,cli-exposure-20260924b
runs/cli-exposure-20260924b/data/help-catalog.txt,runs/cli-exposure-20260924b/data/help-catalog.txt,594,aa957874e5d2504459c66c898be5f65ced5d2fab5792ddb0d8d8916e14cab23e,cli-exposure-20260924b
runs/cli-exposure-20260924b/data/help-compile.txt,runs/cli-exposure-20260924b/data/help-compile.txt,351,e8aff20921998102f1b5a072eefc97755a73fe13d5598c7b5b3e9127ae7fb351,cli-exposure-20260924b
runs/cli-exposure-20260924b/data/help-completion.txt,runs/cli-exposure-20260924b/data/help-completion.txt,199,13a3d617cfaac7fe9d60ce5fdfba32c4fc74fe9af0fcff878635902881e5b9a7,cli-exposure-20260924b
runs/cli-exposure-20260924b/data/help-config.txt,runs/cli-exposure-20260924b/data/help-config.txt,260,8b257fe694be026cbab95dc38dae598e171c94ccf4c44e4a0a1f0d3128088dd2,cli-exposure-20260924b
runs/cli-exposure-20260924b/data/help-delete.txt,runs/cli-exposure-20260924b/data/help-delete.txt,234,59fc054eb73e39214e947a75513a5cf0772833f464d30dee0f4c6ea4f8aa28f8,cli-exposure-20260924b
runs/cli-exposure-20260924b/data/help-dive.txt,runs/cli-exposure-20260924b/data/help-dive.txt,224,8b42cbdd1886156c3c6ba482adb2e18445fb589af05ec9738c3180126e41b692,cli-exposure-20260924b
runs/cli-exposure-20260924b/data/help-doctor.txt,runs/cli-exposure-20260924b/data/help-doctor.txt,174,363cc2e4838281a261b2be00b6ffcbd588ae99d01f494f8edc670781c7e6a734,cli-exposure-20260924b
runs/cli-exposure-20260924b/data/help-down.txt,runs/cli-exposure-20260924b/data/help-down.txt,210,ac92abfc7c2d8dd00cb4794d4dec8d2f632507aa6e7288e3f33ba6d24e4033eb,cli-exposure-20260924b
runs/cli-exposure-20260924b/data/help-edge.txt,runs/cli-exposure-20260924b/data/help-edge.txt,471,61751e3dcbed5150f652d10e241c86191a15ac8f5ef201b13340f40cd3f530e9,cli-exposure-20260924b
runs/cli-exposure-20260924b/data/help-eject.txt,runs/cli-exposure-20260924b/data/help-eject.txt,258,b6eebaa762e9d5f27af4187516d3fc039050d8313b9a3b0e9c9b31a860419bf6,cli-exposure-20260924b
runs/cli-exposure-20260924b/data/help-env.txt,runs/cli-exposure-20260924b/data/help-env.txt,306,1c42a1fe9f3e8ab8a260c01f4322ed4f0177a3c0ea87896ef8f82b0edee346ee,cli-exposure-20260924b
runs/cli-exposure-20260924b/data/help-exec.txt,runs/cli-exposure-20260924b/data/help-exec.txt,234,8aaff0140b94f85cc1502cb769557052ed22980727b2cf06ddd86e61af627859,cli-exposure-20260924b
runs/cli-exposure-20260924b/data/help-fixfs.txt,runs/cli-exposure-20260924b/data/help-fixfs.txt,305,49070f482f1aa7ec0625e768ba9f1d1cd3eb047d2ce75ce226aaae349bf7fa0a,cli-exposure-20260924b
runs/cli-exposure-20260924b/data/help-home.txt,runs/cli-exposure-20260924b/data/help-home.txt,385,ebe4ae958d927e9b29988442630fafb0f9349d57d141a5f9a710796abb663bda,cli-exposure-20260924b
runs/cli-exposure-20260924b/data/help-info.txt,runs/cli-exposure-20260924b/data/help-info.txt,104,f80bea8551c8a9468f43a509c3bb8b5430976eff36cb49ff82a2d00cbd71e2c6,cli-exposure-20260924b
runs/cli-exposure-20260924b/data/help-init-system.txt,runs/cli-exposure-20260924b/data/help-init-system.txt,1040,14a4b1cd75aa2e678cdaf124ca1d92521550b27ecb9ab6b0174b377446fcdf91,cli-exposure-20260924b
runs/cli-exposure-20260924b/data/help-init.txt,runs/cli-exposure-20260924b/data/help-init.txt,1190,261b89300ffab299b0a1b7cafb7aa90ebc9db861aa4b00c6b3c0786f12d39764,cli-exposure-20260924b
runs/cli-exposure-20260924b/data/help-install.txt,runs/cli-exposure-20260924b/data/help-install.txt,406,6098f5d933f3e132e0865527591ea6969ff83a28d6932d1d42fa81ca61931e96,cli-exposure-20260924b
runs/cli-exposure-20260924b/data/help-list.txt,runs/cli-exposure-20260924b/data/help-list.txt,188,d1f31d6009210c1213bb7e1fb335e3b7ec02a5275fd9a421791b0d66cb673488,cli-exposure-20260924b
runs/cli-exposure-20260924b/data/help-logs.txt,runs/cli-exposure-20260924b/data/help-logs.txt,301,540d6071a5f36c6cf8e2aaffbd9b5234a7cb0782ed1e037fefe0bc5ba9729d43,cli-exposure-20260924b
runs/cli-exposure-20260924b/data/help-mcp.txt,runs/cli-exposure-20260924b/data/help-mcp.txt,253,093bd1fee1d0e582985849de12c5ebed1ba45faca3b51ace6c0f83d296844fac,cli-exposure-20260924b
runs/cli-exposure-20260924b/data/help-models.txt,runs/cli-exposure-20260924b/data/help-models.txt,200,aef6c255673ce527d9cb6d2a1f422a6b424942ad482ad5c8d9384c6c6ad10503,cli-exposure-20260924b
runs/cli-exposure-20260924b/data/help-ollama.txt,runs/cli-exposure-20260924b/data/help-ollama.txt,235,2bb81809447343b31dd18c66b8b05f23e3fed6176afd991abc9af43d684031e6,cli-exposure-20260924b
runs/cli-exposure-20260924b/data/help-open.txt,runs/cli-exposure-20260924b/data/help-open.txt,155,87d7e0621a8fc9e6e309146608cbc4037f962b179ee96b02cc09d229e0c3282e,cli-exposure-20260924b
runs/cli-exposure-20260924b/data/help-presets.txt,runs/cli-exposure-20260924b/data/help-presets.txt,404,111b5ad0681003027e338bb43a972c115b80ad4164648088da0c53a6faafe975,cli-exposure-20260924b
runs/cli-exposure-20260924b/data/help-profile.txt,runs/cli-exposure-20260924b/data/help-profile.txt,373,a2514041905ca30e070b83c286be058c678937cab6c3c7eac98057381ea05c07,cli-exposure-20260924b
runs/cli-exposure-20260924b/data/help-ps.txt,runs/cli-exposure-20260924b/data/help-ps.txt,271,c2762b871556a886356a3a5cfc826a04f26aa72e6ae81a611f875013faa77df0,cli-exposure-20260924b
runs/cli-exposure-20260924b/data/help-pull.txt,runs/cli-exposure-20260924b/data/help-pull.txt,315,dbaa5498482a9662a7637057515b7f1d15a9fc56d4ec8f3e70c15ba6b40d5959,cli-exposure-20260924b
runs/cli-exposure-20260924b/data/help-rebuild-cache.txt,runs/cli-exposure-20260924b/data/help-rebuild-cache.txt,134,464448cd9a6f3a33be73514a709bb0d10526e23495badeb203274a8fade9cb43,cli-exposure-20260924b
runs/cli-exposure-20260924b/data/help-restart.txt,runs/cli-exposure-20260924b/data/help-restart.txt,237,2809eb6fbf3c5e3fdf681dc0106f32144a14ccc59732d07992fec66474a06a35,cli-exposure-20260924b
runs/cli-exposure-20260924b/data/help-run.txt,runs/cli-exposure-20260924b/data/help-run.txt,264,fc453a3cc5f475fbeb040d57bfac63f755e8f7acd1a926643a62c251ed2ad20e,cli-exposure-20260924b
runs/cli-exposure-20260924b/data/help-secrets.txt,runs/cli-exposure-20260924b/data/help-secrets.txt,1623,92c803f36aa9e75a4333559e1498f4b8e8890759d373351ffb1123ca838c5ab6,cli-exposure-20260924b
runs/cli-exposure-20260924b/data/help-server.txt,runs/cli-exposure-20260924b/data/help-server.txt,323,4445a32420e0b4ad44f50dd1ec5f9d3e1975f1039770040285504044c1bf233d,cli-exposure-20260924b
runs/cli-exposure-20260924b/data/help-setup.txt,runs/cli-exposure-20260924b/data/help-setup.txt,718,7ccc28a4dbd707c7a6baf35f771a5bf0abb253b6e1ee70e08811cc530a086045,cli-exposure-20260924b
runs/cli-exposure-20260924b/data/help-shell.txt,runs/cli-exposure-20260924b/data/help-shell.txt,178,60fc49a0535f15ebbcd085ff56762b10115f379794af0037c0dc8b6dd22e3318,cli-exposure-20260924b
runs/cli-exposure-20260924b/data/help-size.txt,runs/cli-exposure-20260924b/data/help-size.txt,198,9c415ba6842f6874eaaada14c62045cb45bf4953471ece8ce91edeb21512bb3b,cli-exposure-20260924b
runs/cli-exposure-20260924b/data/help-smi.txt,runs/cli-exposure-20260924b/data/help-smi.txt,106,5befc26ac7975644dc0f47f7a4ad8ecca2d185816a57101e6804bf7d5183d927,cli-exposure-20260924b
runs/cli-exposure-20260924b/data/help-stats.txt,runs/cli-exposure-20260924b/data/help-stats.txt,184,12a9f8d5f57f5efeae6f6d5b349cfe5573b0659c8815ecfc70ba20df315a32a0,cli-exposure-20260924b
runs/cli-exposure-20260924b/data/help-status.txt,runs/cli-exposure-20260924b/data/help-status.txt,232,f5c8bec6d0ca08c1f69c122c8a1bda154ce589c4ad500f5171c2de71b573c382,cli-exposure-20260924b
runs/cli-exposure-20260924b/data/help-tunnel-down.txt,runs/cli-exposure-20260924b/data/help-tunnel-down.txt,122,8d34e736837f55ac8dd3fa912517eb1b9c4423d891e0009fd600c1ccaff8e1ec,cli-exposure-20260924b
runs/cli-exposure-20260924b/data/help-tunnel.txt,runs/cli-exposure-20260924b/data/help-tunnel.txt,247,55bc610f768778c2e874675cafd27f8eb4d4689219b319592d88997a91d75389,cli-exposure-20260924b
runs/cli-exposure-20260924b/data/help-up.txt,runs/cli-exposure-20260924b/data/help-up.txt,482,8a303b3162e58387c5e7c2120df1d4570566dada60d2d2a87723eb5704484415,cli-exposure-20260924b
runs/cli-exposure-20260924b/data/help-update.txt,runs/cli-exposure-20260924b/data/help-update.txt,237,a5e92fb3c16447bdef210020e6ce4c97090da26f69ba9a0a44924220dc08f342,cli-exposure-20260924b
runs/cli-exposure-20260924b/data/help-url.txt,runs/cli-exposure-20260924b/data/help-url.txt,207,1bd4844238ec93cce20cabae2669cb884f347321fdd57c07f138368376eafd2e,cli-exposure-20260924b
runs/cli-exposure-20260924b/data/help-validate.txt,runs/cli-exposure-20260924b/data/help-validate.txt,227,e2724452c6dbf9e26cf41a008aa56c613240a129522dfc3a015e60409ff0ebcb,cli-exposure-20260924b
runs/cli-exposure-20260924b/data/help-version.txt,runs/cli-exposure-20260924b/data/help-version.txt,103,cf06a675c6489732d43c72fb46a0ea738371531b3e1fe7ca91d41e15242acb49,cli-exposure-20260924b
runs/cli-exposure-20260924b/data/help_all.txt,runs/cli-exposure-20260924b/data/help_all.txt,332,aec3b83f6f61862e8e18c61c43a3ec159f207c642f59d8ab4de2f09735814285,cli-exposure-20260924b
runs/cli-exposure-20260924b/data/json_support.tsv,runs/cli-exposure-20260924b/data/json_support.tsv,671,eef03ac89249aab8ccf0d01afe55769b72be0ceec50f34f452a12a9737474d75,cli-exposure-20260924b
runs/cli-exposure-20260924b/data/retired.txt,runs/cli-exposure-20260924b/data/retired.txt,25,98b400e635fc5c8f70392972b6d0732d974547fe9efa6e5c341fe023e18fe2c1,cli-exposure-20260924b
runs/cli-exposure-20260924b/data/undocumented.txt,runs/cli-exposure-20260924b/data/undocumented.txt,9,1d14f3d421f2ffcba73f605b0f0ef05986b526feabd396a8fbb2862a9e388bc7,cli-exposure-20260924b
runs/docs-check-mutation-20260924/data/cli-commands.qmd.orig,runs/docs-check-mutation-20260924/data/cli-commands.qmd.orig,26948,a9e242ba98b49187d042401ef2d14d17e5fa46f5efa1b6403f70fd5c80c6898d,docs-check-mutation-20260924
runs/docs-check-mutation-20260924/data/mutation-A.txt,runs/docs-check-mutation-20260924/data/mutation-A.txt,300,66a3e28782a0fd8633e6ee15631ff001f12e9057f167df5a791c47284401a967,docs-check-mutation-20260924
runs/docs-check-mutation-20260924/data/mutation-B.txt,runs/docs-check-mutation-20260924/data/mutation-B.txt,247,69ac5f2ed0118decbfdcf9496a4977910d746b5679fc2732a28388808f97fba0,docs-check-mutation-20260924
runs/docs-check-mutation-20260924/data/mutation-baseline.txt,runs/docs-check-mutation-20260924/data/mutation-baseline.txt,223,5ae2c452906b0281a847bcc125fedf0ead57e25c0871d66b30f9117e2615d1f1,docs-check-mutation-20260924
runs/docs-check-mutation-20260924/data/mutation-control.txt,runs/docs-check-mutation-20260924/data/mutation-control.txt,223,5ae2c452906b0281a847bcc125fedf0ead57e25c0871d66b30f9117e2615d1f1,docs-check-mutation-20260924
runs/map-form-env-20260924/data/compile.stderr,runs/map-form-env-20260924/data/compile.stderr,0,e3b0c44298fc1c149afbf4c8996fb92427ae41e4649b934ca495991b7852b855,map-form-env-20260924
runs/map-form-env-20260924/data/compile.stdout,runs/map-form-env-20260924/data/compile.stdout,891,d8b9f586354ba1843888a3e08253dd4d7ba27de05cf84e4cafe9c5ef5f4895e9,map-form-env-20260924
runs/map-form-env-20260924/data/generated-values.yaml,runs/map-form-env-20260924/data/generated-values.yaml,200,9c0864df979624679cbc0d3933015e779b4bcb188f14fb897a0558ea75c6f9b1,map-form-env-20260924
runs/map-form-env-20260924/data/rendered.yml,runs/map-form-env-20260924/data/rendered.yml,591,4be40202988a5a965a541bddb2eeeb1fb7354235ae17af15fe9654cc9cbade6b,map-form-env-20260924
runs/map-form-env-20260924/home/etc/apps/mapform/appbay.yaml,runs/map-form-env-20260924/home/etc/apps/mapform/appbay.yaml,377,03e8b0217b76739762f86da0e940a7ba0254417ae95336b76ac3abdab4a501a1,map-form-env-20260924
runs/map-form-env-20260924/home/etc/apps/mapform/docker-compose.yml,runs/map-form-env-20260924/home/etc/apps/mapform/docker-compose.yml,253,b5916644b3aeb26791e3caf817c183827c0ce7e0aea4ec419d4998172cf2edfb,map-form-env-20260924
runs/map-form-env-20260924/home/etc/namespaces/default.yaml,runs/map-form-env-20260924/home/etc/namespaces/default.yaml,39,ba1943168d49ae8654358e2b537cfed8517618e9f9de769c7c9d692216f55fe4,map-form-env-20260924
runs/map-form-env-20260924/home/etc/system.yaml,runs/map-form-env-20260924/home/etc/system.yaml,211,8c327a95f3a8533af69469f48d46d7710fb1128a5216d75ddb71aabc06d3b41f,map-form-env-20260924
runs/map-form-env-20260924/home/var/lib/renders/mapform/docker-compose.rendered.yml,runs/map-form-env-20260924/home/var/lib/renders/mapform/docker-compose.rendered.yml,591,4be40202988a5a965a541bddb2eeeb1fb7354235ae17af15fe9654cc9cbade6b,map-form-env-20260924
runs/map-form-env-20260924/home/var/lib/state/generated-values.yaml,runs/map-form-env-20260924/home/var/lib/state/generated-values.yaml,200,9c0864df979624679cbc0d3933015e779b4bcb188f14fb897a0558ea75c6f9b1,map-form-env-20260924
runs/map-form-env-20260924/home/var/lib/state/operator-id,runs/map-form-env-20260924/home/var/lib/state/operator-id,36,b781dde2f0a09b07ef18615bee0fff418e558866ed9e729f588cb1d0385d03f1,map-form-env-20260924
